-- phpMyAdmin SQL Dump
-- version 4.8.5
-- https://www.phpmyadmin.net/
--
-- Host: 127.0.0.1:3306
-- Generation Time: May 27, 2021 at 08:15 AM
-- Server version: 5.7.26
-- PHP Version: 7.2.18

SET SQL_MODE = "NO_AUTO_VALUE_ON_ZERO";
SET AUTOCOMMIT = 0;
START TRANSACTION;
SET time_zone = "+00:00";


/*!40101 SET @OLD_CHARACTER_SET_CLIENT=@@CHARACTER_SET_CLIENT */;
/*!40101 SET @OLD_CHARACTER_SET_RESULTS=@@CHARACTER_SET_RESULTS */;
/*!40101 SET @OLD_COLLATION_CONNECTION=@@COLLATION_CONNECTION */;
/*!40101 SET NAMES utf8mb4 */;

--
-- Database: `attendance_system`
--

-- --------------------------------------------------------

--
-- Table structure for table `attendance_master`
--

DROP TABLE IF EXISTS `attendance_master`;
CREATE TABLE IF NOT EXISTS `attendance_master` (
  `id` int(11) NOT NULL AUTO_INCREMENT,
  `student_id` int(11) NOT NULL,
  `time_table_id` int(11) NOT NULL,
  `date` date NOT NULL,
  `status` int(11) NOT NULL,
  `confirm` int(11) NOT NULL DEFAULT '0',
  `subject_id` int(11) NOT NULL,
  PRIMARY KEY (`id`),
  KEY `student_id` (`student_id`),
  KEY `time_table_id` (`time_table_id`),
  KEY `subject_id` (`subject_id`)
) ENGINE=InnoDB AUTO_INCREMENT=867 DEFAULT CHARSET=utf8mb4;

--
-- Dumping data for table `attendance_master`
--

INSERT INTO `attendance_master` (`id`, `student_id`, `time_table_id`, `date`, `status`, `confirm`, `subject_id`) VALUES
(1, 1, 15, '2021-05-26', 1, 1, 4),
(2, 2, 15, '2021-05-26', 1, 1, 4),
(3, 3, 15, '2021-05-26', 0, 1, 4),
(4, 4, 15, '2021-05-26', 0, 1, 4),
(5, 5, 15, '2021-05-26', 0, 1, 4),
(6, 6, 15, '2021-05-26', 0, 1, 4),
(7, 7, 15, '2021-05-26', 0, 1, 4),
(8, 8, 15, '2021-05-26', 0, 1, 4),
(9, 9, 15, '2021-05-26', 0, 1, 4),
(10, 10, 15, '2021-05-26', 0, 1, 4),
(11, 11, 15, '2021-05-26', 0, 1, 4),
(12, 12, 15, '2021-05-26', 0, 1, 4),
(13, 13, 15, '2021-05-26', 0, 1, 4),
(14, 14, 15, '2021-05-26', 0, 1, 4),
(15, 15, 15, '2021-05-26', 0, 1, 4),
(16, 16, 15, '2021-05-26', 0, 1, 4),
(17, 17, 15, '2021-05-26', 0, 1, 4),
(18, 18, 15, '2021-05-26', 0, 1, 4),
(19, 19, 15, '2021-05-26', 0, 1, 4),
(20, 20, 15, '2021-05-26', 0, 1, 4),
(21, 21, 15, '2021-05-26', 0, 1, 4),
(22, 22, 15, '2021-05-26', 0, 1, 4),
(23, 23, 15, '2021-05-26', 0, 1, 4),
(24, 24, 15, '2021-05-26', 0, 1, 4),
(25, 25, 15, '2021-05-26', 0, 1, 4),
(26, 26, 15, '2021-05-26', 0, 1, 4),
(27, 27, 15, '2021-05-26', 0, 1, 4),
(28, 28, 15, '2021-05-26', 0, 1, 4),
(29, 29, 15, '2021-05-26', 0, 1, 4),
(30, 30, 15, '2021-05-26', 0, 1, 4),
(31, 31, 15, '2021-05-26', 0, 1, 4),
(32, 32, 15, '2021-05-26', 0, 1, 4),
(33, 33, 15, '2021-05-26', 0, 1, 4),
(34, 34, 15, '2021-05-26', 0, 1, 4),
(35, 35, 15, '2021-05-26', 0, 1, 4),
(36, 36, 15, '2021-05-26', 0, 1, 4),
(37, 37, 15, '2021-05-26', 0, 1, 4),
(38, 38, 15, '2021-05-26', 0, 1, 4),
(39, 39, 15, '2021-05-26', 0, 1, 4),
(40, 40, 15, '2021-05-26', 0, 1, 4),
(41, 41, 15, '2021-05-26', 0, 1, 4),
(42, 42, 15, '2021-05-26', 0, 1, 4),
(43, 43, 15, '2021-05-26', 0, 1, 4),
(44, 44, 15, '2021-05-26', 0, 1, 4),
(45, 45, 15, '2021-05-26', 0, 1, 4),
(46, 46, 15, '2021-05-26', 0, 1, 4),
(47, 47, 15, '2021-05-26', 0, 1, 4),
(48, 48, 15, '2021-05-26', 0, 1, 4),
(49, 49, 15, '2021-05-26', 0, 1, 4),
(50, 50, 15, '2021-05-26', 0, 1, 4),
(51, 51, 15, '2021-05-26', 0, 1, 4),
(52, 52, 15, '2021-05-26', 0, 1, 4),
(53, 53, 15, '2021-05-26', 0, 1, 4),
(54, 54, 15, '2021-05-26', 0, 1, 4),
(55, 55, 15, '2021-05-26', 0, 1, 4),
(56, 56, 15, '2021-05-26', 0, 1, 4),
(57, 57, 15, '2021-05-26', 0, 1, 4),
(58, 58, 15, '2021-05-26', 0, 1, 4),
(59, 59, 15, '2021-05-26', 0, 1, 4),
(60, 60, 15, '2021-05-26', 0, 1, 4),
(61, 61, 15, '2021-05-26', 0, 1, 4),
(62, 62, 15, '2021-05-26', 0, 1, 4),
(63, 63, 15, '2021-05-26', 0, 1, 4),
(64, 64, 15, '2021-05-26', 0, 1, 4),
(65, 65, 15, '2021-05-26', 0, 1, 4),
(66, 66, 15, '2021-05-26', 0, 1, 4),
(67, 1, 16, '2021-05-26', 1, 1, 5),
(68, 2, 16, '2021-05-26', 1, 1, 5),
(69, 3, 16, '2021-05-26', 1, 1, 5),
(70, 4, 16, '2021-05-26', 1, 1, 5),
(71, 5, 16, '2021-05-26', 1, 1, 5),
(72, 6, 16, '2021-05-26', 1, 1, 5),
(73, 7, 16, '2021-05-26', 1, 1, 5),
(74, 8, 16, '2021-05-26', 1, 1, 5),
(75, 9, 16, '2021-05-26', 1, 1, 5),
(76, 10, 16, '2021-05-26', 1, 1, 5),
(77, 11, 16, '2021-05-26', 1, 1, 5),
(78, 12, 16, '2021-05-26', 1, 1, 5),
(79, 13, 16, '2021-05-26', 1, 1, 5),
(80, 14, 16, '2021-05-26', 1, 1, 5),
(81, 15, 16, '2021-05-26', 1, 1, 5),
(82, 16, 16, '2021-05-26', 1, 1, 5),
(83, 17, 16, '2021-05-26', 1, 1, 5),
(84, 18, 16, '2021-05-26', 1, 1, 5),
(85, 19, 16, '2021-05-26', 1, 1, 5),
(86, 20, 16, '2021-05-26', 1, 1, 5),
(87, 21, 16, '2021-05-26', 1, 1, 5),
(88, 22, 16, '2021-05-26', 1, 1, 5),
(89, 23, 16, '2021-05-26', 1, 1, 5),
(90, 24, 16, '2021-05-26', 1, 1, 5),
(91, 25, 16, '2021-05-26', 1, 1, 5),
(92, 26, 16, '2021-05-26', 1, 1, 5),
(93, 27, 16, '2021-05-26', 1, 1, 5),
(94, 28, 16, '2021-05-26', 1, 1, 5),
(95, 29, 16, '2021-05-26', 1, 1, 5),
(96, 30, 16, '2021-05-26', 1, 1, 5),
(97, 31, 16, '2021-05-26', 1, 1, 5),
(98, 32, 16, '2021-05-26', 1, 1, 5),
(99, 33, 16, '2021-05-26', 1, 1, 5),
(100, 34, 16, '2021-05-26', 1, 1, 5),
(101, 35, 16, '2021-05-26', 1, 1, 5),
(102, 36, 16, '2021-05-26', 1, 1, 5),
(103, 37, 16, '2021-05-26', 1, 1, 5),
(104, 38, 16, '2021-05-26', 1, 1, 5),
(105, 39, 16, '2021-05-26', 1, 1, 5),
(106, 40, 16, '2021-05-26', 1, 1, 5),
(107, 41, 16, '2021-05-26', 1, 1, 5),
(108, 42, 16, '2021-05-26', 1, 1, 5),
(109, 43, 16, '2021-05-26', 1, 1, 5),
(110, 44, 16, '2021-05-26', 1, 1, 5),
(111, 45, 16, '2021-05-26', 1, 1, 5),
(112, 46, 16, '2021-05-26', 1, 1, 5),
(113, 47, 16, '2021-05-26', 1, 1, 5),
(114, 48, 16, '2021-05-26', 1, 1, 5),
(115, 49, 16, '2021-05-26', 1, 1, 5),
(116, 50, 16, '2021-05-26', 1, 1, 5),
(117, 51, 16, '2021-05-26', 1, 1, 5),
(118, 52, 16, '2021-05-26', 1, 1, 5),
(119, 53, 16, '2021-05-26', 1, 1, 5),
(120, 54, 16, '2021-05-26', 1, 1, 5),
(121, 55, 16, '2021-05-26', 1, 1, 5),
(122, 56, 16, '2021-05-26', 1, 1, 5),
(123, 57, 16, '2021-05-26', 1, 1, 5),
(124, 58, 16, '2021-05-26', 1, 1, 5),
(125, 59, 16, '2021-05-26', 1, 1, 5),
(126, 60, 16, '2021-05-26', 1, 1, 5),
(127, 61, 16, '2021-05-26', 1, 1, 5),
(128, 62, 16, '2021-05-26', 1, 1, 5),
(129, 63, 16, '2021-05-26', 1, 1, 5),
(130, 64, 16, '2021-05-26', 1, 1, 5),
(131, 65, 16, '2021-05-26', 1, 1, 5),
(132, 66, 16, '2021-05-26', 1, 1, 5),
(133, 67, 49, '2021-05-26', 1, 1, 8),
(134, 68, 49, '2021-05-26', 1, 1, 8),
(135, 69, 49, '2021-05-26', 1, 1, 8),
(136, 70, 49, '2021-05-26', 1, 1, 8),
(137, 1, 13, '2021-05-26', 1, 1, 2),
(138, 2, 13, '2021-05-26', 1, 1, 2),
(139, 3, 13, '2021-05-26', 1, 1, 2),
(140, 4, 13, '2021-05-26', 1, 1, 2),
(141, 5, 13, '2021-05-26', 1, 1, 2),
(142, 6, 13, '2021-05-26', 1, 1, 2),
(143, 7, 13, '2021-05-26', 1, 1, 2),
(144, 8, 13, '2021-05-26', 1, 1, 2),
(145, 9, 13, '2021-05-26', 1, 1, 2),
(146, 10, 13, '2021-05-26', 1, 1, 2),
(147, 11, 13, '2021-05-26', 1, 1, 2),
(148, 12, 13, '2021-05-26', 1, 1, 2),
(149, 13, 13, '2021-05-26', 1, 1, 2),
(150, 14, 13, '2021-05-26', 1, 1, 2),
(151, 15, 13, '2021-05-26', 1, 1, 2),
(152, 16, 13, '2021-05-26', 1, 1, 2),
(153, 17, 13, '2021-05-26', 1, 1, 2),
(154, 18, 13, '2021-05-26', 1, 1, 2),
(155, 19, 13, '2021-05-26', 1, 1, 2),
(156, 20, 13, '2021-05-26', 1, 1, 2),
(157, 21, 13, '2021-05-26', 1, 1, 2),
(158, 22, 13, '2021-05-26', 1, 1, 2),
(159, 23, 13, '2021-05-26', 1, 1, 2),
(160, 24, 13, '2021-05-26', 1, 1, 2),
(161, 25, 13, '2021-05-26', 1, 1, 2),
(162, 26, 13, '2021-05-26', 1, 1, 2),
(163, 27, 13, '2021-05-26', 1, 1, 2),
(164, 28, 13, '2021-05-26', 1, 1, 2),
(165, 29, 13, '2021-05-26', 1, 1, 2),
(166, 30, 13, '2021-05-26', 1, 1, 2),
(167, 31, 13, '2021-05-26', 1, 1, 2),
(168, 32, 13, '2021-05-26', 1, 1, 2),
(169, 33, 13, '2021-05-26', 1, 1, 2),
(170, 34, 13, '2021-05-26', 1, 1, 2),
(171, 35, 13, '2021-05-26', 1, 1, 2),
(172, 36, 13, '2021-05-26', 1, 1, 2),
(173, 37, 13, '2021-05-26', 1, 1, 2),
(174, 38, 13, '2021-05-26', 1, 1, 2),
(175, 39, 13, '2021-05-26', 1, 1, 2),
(176, 40, 13, '2021-05-26', 1, 1, 2),
(177, 41, 13, '2021-05-26', 1, 1, 2),
(178, 42, 13, '2021-05-26', 1, 1, 2),
(179, 43, 13, '2021-05-26', 1, 1, 2),
(180, 44, 13, '2021-05-26', 1, 1, 2),
(181, 45, 13, '2021-05-26', 1, 1, 2),
(182, 46, 13, '2021-05-26', 1, 1, 2),
(183, 47, 13, '2021-05-26', 1, 1, 2),
(184, 48, 13, '2021-05-26', 1, 1, 2),
(185, 49, 13, '2021-05-26', 1, 1, 2),
(186, 50, 13, '2021-05-26', 1, 1, 2),
(187, 51, 13, '2021-05-26', 1, 1, 2),
(188, 52, 13, '2021-05-26', 1, 1, 2),
(189, 53, 13, '2021-05-26', 1, 1, 2),
(190, 54, 13, '2021-05-26', 1, 1, 2),
(191, 55, 13, '2021-05-26', 1, 1, 2),
(192, 56, 13, '2021-05-26', 1, 1, 2),
(193, 57, 13, '2021-05-26', 1, 1, 2),
(194, 58, 13, '2021-05-26', 1, 1, 2),
(195, 59, 13, '2021-05-26', 1, 1, 2),
(196, 60, 13, '2021-05-26', 1, 1, 2),
(197, 61, 13, '2021-05-26', 1, 1, 2),
(198, 62, 13, '2021-05-26', 1, 1, 2),
(199, 63, 13, '2021-05-26', 1, 1, 2),
(200, 64, 13, '2021-05-26', 1, 1, 2),
(201, 65, 13, '2021-05-26', 1, 1, 2),
(202, 66, 13, '2021-05-26', 1, 1, 2),
(203, 71, 86, '2021-05-26', 1, 1, 15),
(204, 72, 86, '2021-05-26', 1, 1, 15),
(205, 73, 86, '2021-05-26', 1, 1, 15),
(206, 74, 86, '2021-05-26', 1, 1, 15),
(207, 75, 123, '2021-05-26', 1, 1, 20),
(208, 76, 123, '2021-05-26', 1, 1, 20),
(209, 77, 123, '2021-05-26', 1, 1, 20),
(210, 78, 123, '2021-05-26', 1, 1, 20),
(211, 67, 50, '2021-05-26', 1, 1, 12),
(212, 68, 50, '2021-05-26', 1, 1, 12),
(213, 69, 50, '2021-05-26', 1, 1, 12),
(214, 70, 50, '2021-05-26', 1, 1, 12),
(215, 67, 53, '2021-05-26', 1, 1, 7),
(216, 68, 53, '2021-05-26', 1, 1, 7),
(217, 69, 53, '2021-05-26', 1, 1, 7),
(218, 70, 53, '2021-05-26', 1, 1, 7),
(219, 71, 90, '2021-05-26', 1, 1, 17),
(220, 72, 90, '2021-05-26', 1, 1, 17),
(221, 73, 90, '2021-05-26', 1, 1, 17),
(222, 74, 90, '2021-05-26', 1, 1, 17),
(223, 75, 124, '2021-05-26', 1, 1, 21),
(224, 76, 124, '2021-05-26', 1, 1, 21),
(225, 77, 124, '2021-05-26', 1, 1, 21),
(226, 78, 124, '2021-05-26', 1, 1, 21),
(227, 1, 18, '2021-05-26', 1, 1, 6),
(228, 2, 18, '2021-05-26', 1, 1, 6),
(229, 3, 18, '2021-05-26', 1, 1, 6),
(230, 4, 18, '2021-05-26', 1, 1, 6),
(231, 5, 18, '2021-05-26', 1, 1, 6),
(232, 6, 18, '2021-05-26', 1, 1, 6),
(233, 7, 18, '2021-05-26', 1, 1, 6),
(234, 8, 18, '2021-05-26', 1, 1, 6),
(235, 9, 18, '2021-05-26', 1, 1, 6),
(236, 10, 18, '2021-05-26', 1, 1, 6),
(237, 11, 18, '2021-05-26', 1, 1, 6),
(238, 12, 18, '2021-05-26', 1, 1, 6),
(239, 13, 18, '2021-05-26', 1, 1, 6),
(240, 14, 18, '2021-05-26', 1, 1, 6),
(241, 15, 18, '2021-05-26', 1, 1, 6),
(242, 16, 18, '2021-05-26', 1, 1, 6),
(243, 17, 18, '2021-05-26', 1, 1, 6),
(244, 18, 18, '2021-05-26', 1, 1, 6),
(245, 19, 18, '2021-05-26', 1, 1, 6),
(246, 20, 18, '2021-05-26', 1, 1, 6),
(247, 21, 18, '2021-05-26', 1, 1, 6),
(248, 22, 18, '2021-05-26', 1, 1, 6),
(249, 23, 18, '2021-05-26', 1, 1, 6),
(250, 24, 18, '2021-05-26', 1, 1, 6),
(251, 25, 18, '2021-05-26', 1, 1, 6),
(252, 26, 18, '2021-05-26', 1, 1, 6),
(253, 27, 18, '2021-05-26', 1, 1, 6),
(254, 28, 18, '2021-05-26', 1, 1, 6),
(255, 29, 18, '2021-05-26', 1, 1, 6),
(256, 30, 18, '2021-05-26', 1, 1, 6),
(257, 31, 18, '2021-05-26', 1, 1, 6),
(258, 32, 18, '2021-05-26', 1, 1, 6),
(259, 33, 18, '2021-05-26', 1, 1, 6),
(260, 34, 18, '2021-05-26', 1, 1, 6),
(261, 35, 18, '2021-05-26', 1, 1, 6),
(262, 36, 18, '2021-05-26', 1, 1, 6),
(263, 37, 18, '2021-05-26', 1, 1, 6),
(264, 38, 18, '2021-05-26', 1, 1, 6),
(265, 39, 18, '2021-05-26', 1, 1, 6),
(266, 40, 18, '2021-05-26', 1, 1, 6),
(267, 41, 18, '2021-05-26', 1, 1, 6),
(268, 42, 18, '2021-05-26', 1, 1, 6),
(269, 43, 18, '2021-05-26', 1, 1, 6),
(270, 44, 18, '2021-05-26', 1, 1, 6),
(271, 45, 18, '2021-05-26', 1, 1, 6),
(272, 46, 18, '2021-05-26', 1, 1, 6),
(273, 47, 18, '2021-05-26', 1, 1, 6),
(274, 48, 18, '2021-05-26', 1, 1, 6),
(275, 49, 18, '2021-05-26', 1, 1, 6),
(276, 50, 18, '2021-05-26', 1, 1, 6),
(277, 51, 18, '2021-05-26', 1, 1, 6),
(278, 52, 18, '2021-05-26', 1, 1, 6),
(279, 53, 18, '2021-05-26', 1, 1, 6),
(280, 54, 18, '2021-05-26', 1, 1, 6),
(281, 55, 18, '2021-05-26', 1, 1, 6),
(282, 56, 18, '2021-05-26', 1, 1, 6),
(283, 57, 18, '2021-05-26', 1, 1, 6),
(284, 58, 18, '2021-05-26', 1, 1, 6),
(285, 59, 18, '2021-05-26', 1, 1, 6),
(286, 60, 18, '2021-05-26', 1, 1, 6),
(287, 61, 18, '2021-05-26', 1, 1, 6),
(288, 62, 18, '2021-05-26', 1, 1, 6),
(289, 63, 18, '2021-05-26', 1, 1, 6),
(290, 64, 18, '2021-05-26', 1, 1, 6),
(291, 65, 18, '2021-05-26', 1, 1, 6),
(292, 66, 18, '2021-05-26', 1, 1, 6),
(493, 67, 54, '2021-05-26', 1, 1, 9),
(494, 68, 54, '2021-05-26', 1, 1, 9),
(495, 69, 54, '2021-05-26', 1, 1, 9),
(496, 70, 54, '2021-05-26', 1, 1, 9),
(497, 75, 121, '2021-05-26', 1, 1, 22),
(498, 76, 121, '2021-05-26', 1, 1, 22),
(499, 77, 121, '2021-05-26', 1, 1, 22),
(500, 78, 121, '2021-05-26', 1, 1, 22),
(501, 67, 51, '2021-05-26', 1, 1, 11),
(502, 68, 51, '2021-05-26', 1, 1, 11),
(503, 69, 51, '2021-05-26', 1, 1, 11),
(504, 70, 51, '2021-05-26', 1, 1, 11),
(505, 71, 88, '2021-05-26', 1, 1, 16),
(506, 72, 88, '2021-05-26', 1, 1, 16),
(507, 73, 88, '2021-05-26', 1, 1, 16),
(508, 74, 88, '2021-05-26', 1, 1, 16),
(509, 71, 89, '2021-05-26', 1, 1, 18),
(510, 72, 89, '2021-05-26', 1, 1, 18),
(511, 73, 89, '2021-05-26', 1, 1, 18),
(512, 74, 89, '2021-05-26', 1, 1, 18),
(513, 75, 125, '2021-05-26', 1, 1, 23),
(514, 76, 125, '2021-05-26', 1, 1, 23),
(515, 77, 125, '2021-05-26', 1, 1, 23),
(516, 78, 125, '2021-05-26', 1, 1, 23),
(649, 67, 52, '2021-05-26', 1, 1, 10),
(650, 68, 52, '2021-05-26', 1, 1, 10),
(651, 69, 52, '2021-05-26', 1, 1, 10),
(652, 70, 52, '2021-05-26', 1, 1, 10),
(653, 71, 87, '2021-05-26', 1, 1, 13),
(654, 72, 87, '2021-05-26', 1, 1, 13),
(655, 73, 87, '2021-05-26', 1, 1, 13),
(656, 74, 87, '2021-05-26', 1, 1, 13),
(657, 75, 126, '2021-05-26', 1, 1, 24),
(658, 76, 126, '2021-05-26', 1, 1, 24),
(659, 77, 126, '2021-05-26', 1, 1, 24),
(660, 78, 126, '2021-05-26', 1, 1, 24),
(661, 71, 85, '2021-05-26', 1, 1, 14),
(662, 72, 85, '2021-05-26', 1, 1, 14),
(663, 73, 85, '2021-05-26', 1, 1, 14),
(664, 74, 85, '2021-05-26', 1, 1, 14),
(665, 75, 122, '2021-05-26', 1, 1, 19),
(666, 76, 122, '2021-05-26', 1, 1, 19),
(667, 77, 122, '2021-05-26', 1, 1, 19),
(668, 78, 122, '2021-05-26', 1, 1, 19),
(669, 1, 8, '2021-05-25', 0, 1, 3),
(670, 2, 8, '2021-05-25', 0, 1, 3),
(671, 3, 8, '2021-05-25', 1, 1, 3),
(672, 4, 8, '2021-05-25', 1, 1, 3),
(673, 5, 8, '2021-05-25', 1, 1, 3),
(674, 6, 8, '2021-05-25', 1, 1, 3),
(675, 7, 8, '2021-05-25', 1, 1, 3),
(676, 8, 8, '2021-05-25', 1, 1, 3),
(677, 9, 8, '2021-05-25', 1, 1, 3),
(678, 10, 8, '2021-05-25', 1, 1, 3),
(679, 11, 8, '2021-05-25', 1, 1, 3),
(680, 12, 8, '2021-05-25', 1, 1, 3),
(681, 13, 8, '2021-05-25', 1, 1, 3),
(682, 14, 8, '2021-05-25', 1, 1, 3),
(683, 15, 8, '2021-05-25', 1, 1, 3),
(684, 16, 8, '2021-05-25', 1, 1, 3),
(685, 17, 8, '2021-05-25', 1, 1, 3),
(686, 18, 8, '2021-05-25', 1, 1, 3),
(687, 19, 8, '2021-05-25', 1, 1, 3),
(688, 20, 8, '2021-05-25', 1, 1, 3),
(689, 21, 8, '2021-05-25', 1, 1, 3),
(690, 22, 8, '2021-05-25', 1, 1, 3),
(691, 23, 8, '2021-05-25', 1, 1, 3),
(692, 24, 8, '2021-05-25', 1, 1, 3),
(693, 25, 8, '2021-05-25', 1, 1, 3),
(694, 26, 8, '2021-05-25', 1, 1, 3),
(695, 27, 8, '2021-05-25', 1, 1, 3),
(696, 28, 8, '2021-05-25', 1, 1, 3),
(697, 29, 8, '2021-05-25', 1, 1, 3),
(698, 30, 8, '2021-05-25', 1, 1, 3),
(699, 31, 8, '2021-05-25', 1, 1, 3),
(700, 32, 8, '2021-05-25', 1, 1, 3),
(701, 33, 8, '2021-05-25', 1, 1, 3),
(702, 34, 8, '2021-05-25', 1, 1, 3),
(703, 35, 8, '2021-05-25', 1, 1, 3),
(704, 36, 8, '2021-05-25', 1, 1, 3),
(705, 37, 8, '2021-05-25', 1, 1, 3),
(706, 38, 8, '2021-05-25', 1, 1, 3),
(707, 39, 8, '2021-05-25', 1, 1, 3),
(708, 40, 8, '2021-05-25', 1, 1, 3),
(709, 41, 8, '2021-05-25', 1, 1, 3),
(710, 42, 8, '2021-05-25', 1, 1, 3),
(711, 43, 8, '2021-05-25', 1, 1, 3),
(712, 44, 8, '2021-05-25', 1, 1, 3),
(713, 45, 8, '2021-05-25', 1, 1, 3),
(714, 46, 8, '2021-05-25', 1, 1, 3),
(715, 47, 8, '2021-05-25', 1, 1, 3),
(716, 48, 8, '2021-05-25', 1, 1, 3),
(717, 49, 8, '2021-05-25', 1, 1, 3),
(718, 50, 8, '2021-05-25', 1, 1, 3),
(719, 51, 8, '2021-05-25', 1, 1, 3),
(720, 52, 8, '2021-05-25', 1, 1, 3),
(721, 53, 8, '2021-05-25', 1, 1, 3),
(722, 54, 8, '2021-05-25', 1, 1, 3),
(723, 55, 8, '2021-05-25', 1, 1, 3),
(724, 56, 8, '2021-05-25', 1, 1, 3),
(725, 57, 8, '2021-05-25', 1, 1, 3),
(726, 58, 8, '2021-05-25', 1, 1, 3),
(727, 59, 8, '2021-05-25', 1, 1, 3),
(728, 60, 8, '2021-05-25', 1, 1, 3),
(729, 61, 8, '2021-05-25', 1, 1, 3),
(730, 62, 8, '2021-05-25', 1, 1, 3),
(731, 63, 8, '2021-05-25', 1, 1, 3),
(732, 64, 8, '2021-05-25', 1, 1, 3),
(733, 65, 8, '2021-05-25', 1, 1, 3),
(734, 66, 8, '2021-05-25', 1, 1, 3),
(735, 1, 17, '2021-05-26', 0, 1, 1),
(736, 2, 17, '2021-05-26', 0, 1, 1),
(737, 3, 17, '2021-05-26', 1, 1, 1),
(738, 4, 17, '2021-05-26', 1, 1, 1),
(739, 5, 17, '2021-05-26', 1, 1, 1),
(740, 6, 17, '2021-05-26', 1, 1, 1),
(741, 7, 17, '2021-05-26', 1, 1, 1),
(742, 8, 17, '2021-05-26', 1, 1, 1),
(743, 9, 17, '2021-05-26', 1, 1, 1),
(744, 10, 17, '2021-05-26', 1, 1, 1),
(745, 11, 17, '2021-05-26', 1, 1, 1),
(746, 12, 17, '2021-05-26', 1, 1, 1),
(747, 13, 17, '2021-05-26', 1, 1, 1),
(748, 14, 17, '2021-05-26', 1, 1, 1),
(749, 15, 17, '2021-05-26', 1, 1, 1),
(750, 16, 17, '2021-05-26', 1, 1, 1),
(751, 17, 17, '2021-05-26', 1, 1, 1),
(752, 18, 17, '2021-05-26', 1, 1, 1),
(753, 19, 17, '2021-05-26', 1, 1, 1),
(754, 20, 17, '2021-05-26', 1, 1, 1),
(755, 21, 17, '2021-05-26', 1, 1, 1),
(756, 22, 17, '2021-05-26', 1, 1, 1),
(757, 23, 17, '2021-05-26', 1, 1, 1),
(758, 24, 17, '2021-05-26', 1, 1, 1),
(759, 25, 17, '2021-05-26', 1, 1, 1),
(760, 26, 17, '2021-05-26', 1, 1, 1),
(761, 27, 17, '2021-05-26', 1, 1, 1),
(762, 28, 17, '2021-05-26', 1, 1, 1),
(763, 29, 17, '2021-05-26', 1, 1, 1),
(764, 30, 17, '2021-05-26', 1, 1, 1),
(765, 31, 17, '2021-05-26', 1, 1, 1),
(766, 32, 17, '2021-05-26', 1, 1, 1),
(767, 33, 17, '2021-05-26', 1, 1, 1),
(768, 34, 17, '2021-05-26', 1, 1, 1),
(769, 35, 17, '2021-05-26', 1, 1, 1),
(770, 36, 17, '2021-05-26', 1, 1, 1),
(771, 37, 17, '2021-05-26', 1, 1, 1),
(772, 38, 17, '2021-05-26', 1, 1, 1),
(773, 39, 17, '2021-05-26', 1, 1, 1),
(774, 40, 17, '2021-05-26', 1, 1, 1),
(775, 41, 17, '2021-05-26', 1, 1, 1),
(776, 42, 17, '2021-05-26', 1, 1, 1),
(777, 43, 17, '2021-05-26', 1, 1, 1),
(778, 44, 17, '2021-05-26', 1, 1, 1),
(779, 45, 17, '2021-05-26', 1, 1, 1),
(780, 46, 17, '2021-05-26', 1, 1, 1),
(781, 47, 17, '2021-05-26', 1, 1, 1),
(782, 48, 17, '2021-05-26', 1, 1, 1),
(783, 49, 17, '2021-05-26', 1, 1, 1),
(784, 50, 17, '2021-05-26', 1, 1, 1),
(785, 51, 17, '2021-05-26', 1, 1, 1),
(786, 52, 17, '2021-05-26', 1, 1, 1),
(787, 53, 17, '2021-05-26', 1, 1, 1),
(788, 54, 17, '2021-05-26', 1, 1, 1),
(789, 55, 17, '2021-05-26', 1, 1, 1),
(790, 56, 17, '2021-05-26', 1, 1, 1),
(791, 57, 17, '2021-05-26', 1, 1, 1),
(792, 58, 17, '2021-05-26', 1, 1, 1),
(793, 59, 17, '2021-05-26', 1, 1, 1),
(794, 60, 17, '2021-05-26', 1, 1, 1),
(795, 61, 17, '2021-05-26', 1, 1, 1),
(796, 62, 17, '2021-05-26', 1, 1, 1),
(797, 63, 17, '2021-05-26', 1, 1, 1),
(798, 64, 17, '2021-05-26', 1, 1, 1),
(799, 65, 17, '2021-05-26', 1, 1, 1),
(800, 66, 17, '2021-05-26', 1, 1, 1),
(801, 1, 14, '2021-05-26', 1, 1, 1),
(802, 2, 14, '2021-05-26', 1, 1, 1),
(803, 3, 14, '2021-05-26', 1, 1, 1),
(804, 4, 14, '2021-05-26', 0, 1, 1),
(805, 5, 14, '2021-05-26', 1, 1, 1),
(806, 6, 14, '2021-05-26', 1, 1, 1),
(807, 7, 14, '2021-05-26', 0, 1, 1),
(808, 8, 14, '2021-05-26', 1, 1, 1),
(809, 9, 14, '2021-05-26', 1, 1, 1),
(810, 10, 14, '2021-05-26', 1, 1, 1),
(811, 11, 14, '2021-05-26', 1, 1, 1),
(812, 12, 14, '2021-05-26', 1, 1, 1),
(813, 13, 14, '2021-05-26', 1, 1, 1),
(814, 14, 14, '2021-05-26', 1, 1, 1),
(815, 15, 14, '2021-05-26', 1, 1, 1),
(816, 16, 14, '2021-05-26', 1, 1, 1),
(817, 17, 14, '2021-05-26', 1, 1, 1),
(818, 18, 14, '2021-05-26', 1, 1, 1),
(819, 19, 14, '2021-05-26', 1, 1, 1),
(820, 20, 14, '2021-05-26', 1, 1, 1),
(821, 21, 14, '2021-05-26', 1, 1, 1),
(822, 22, 14, '2021-05-26', 1, 1, 1),
(823, 23, 14, '2021-05-26', 1, 1, 1),
(824, 24, 14, '2021-05-26', 1, 1, 1),
(825, 25, 14, '2021-05-26', 1, 1, 1),
(826, 26, 14, '2021-05-26', 1, 1, 1),
(827, 27, 14, '2021-05-26', 1, 1, 1),
(828, 28, 14, '2021-05-26', 1, 1, 1),
(829, 29, 14, '2021-05-26', 1, 1, 1),
(830, 30, 14, '2021-05-26', 1, 1, 1),
(831, 31, 14, '2021-05-26', 1, 1, 1),
(832, 32, 14, '2021-05-26', 1, 1, 1),
(833, 33, 14, '2021-05-26', 0, 1, 1),
(834, 34, 14, '2021-05-26', 1, 1, 1),
(835, 35, 14, '2021-05-26', 1, 1, 1),
(836, 36, 14, '2021-05-26', 1, 1, 1),
(837, 37, 14, '2021-05-26', 1, 1, 1),
(838, 38, 14, '2021-05-26', 1, 1, 1),
(839, 39, 14, '2021-05-26', 1, 1, 1),
(840, 40, 14, '2021-05-26', 1, 1, 1),
(841, 41, 14, '2021-05-26', 1, 1, 1),
(842, 42, 14, '2021-05-26', 1, 1, 1),
(843, 43, 14, '2021-05-26', 1, 1, 1),
(844, 44, 14, '2021-05-26', 1, 1, 1),
(845, 45, 14, '2021-05-26', 1, 1, 1),
(846, 46, 14, '2021-05-26', 1, 1, 1),
(847, 47, 14, '2021-05-26', 1, 1, 1),
(848, 48, 14, '2021-05-26', 1, 1, 1),
(849, 49, 14, '2021-05-26', 1, 1, 1),
(850, 50, 14, '2021-05-26', 1, 1, 1),
(851, 51, 14, '2021-05-26', 1, 1, 1),
(852, 52, 14, '2021-05-26', 1, 1, 1),
(853, 53, 14, '2021-05-26', 1, 1, 1),
(854, 54, 14, '2021-05-26', 1, 1, 1),
(855, 55, 14, '2021-05-26', 1, 1, 1),
(856, 56, 14, '2021-05-26', 1, 1, 1),
(857, 57, 14, '2021-05-26', 1, 1, 1),
(858, 58, 14, '2021-05-26', 1, 1, 1),
(859, 59, 14, '2021-05-26', 1, 1, 1),
(860, 60, 14, '2021-05-26', 1, 1, 1),
(861, 61, 14, '2021-05-26', 1, 1, 1),
(862, 62, 14, '2021-05-26', 1, 1, 1),
(863, 63, 14, '2021-05-26', 1, 1, 1),
(864, 64, 14, '2021-05-26', 1, 1, 1),
(865, 65, 14, '2021-05-26', 1, 1, 1),
(866, 66, 14, '2021-05-26', 1, 1, 1);

-- --------------------------------------------------------

--
-- Table structure for table `class`
--

DROP TABLE IF EXISTS `class`;
CREATE TABLE IF NOT EXISTS `class` (
  `id` int(11) NOT NULL AUTO_INCREMENT,
  `tutor_id` int(11) NOT NULL,
  `num_students` int(11) NOT NULL,
  `dept_id` int(11) NOT NULL,
  `year` int(11) NOT NULL,
  PRIMARY KEY (`id`),
  KEY `tutor_id` (`tutor_id`),
  KEY `dept_id` (`dept_id`)
) ENGINE=InnoDB AUTO_INCREMENT=5 DEFAULT CHARSET=utf8mb4;

--
-- Dumping data for table `class`
--

INSERT INTO `class` (`id`, `tutor_id`, `num_students`, `dept_id`, `year`) VALUES
(1, 8, 61, 2, 3),
(2, 11, 4, 2, 1),
(3, 12, 4, 2, 2),
(4, 13, 4, 2, 4);

-- --------------------------------------------------------

--
-- Table structure for table `department`
--

DROP TABLE IF EXISTS `department`;
CREATE TABLE IF NOT EXISTS `department` (
  `id` int(11) NOT NULL AUTO_INCREMENT,
  `name` varchar(100) NOT NULL,
  `hod_id` int(11) NOT NULL,
  PRIMARY KEY (`id`),
  KEY `hod_id` (`hod_id`)
) ENGINE=InnoDB AUTO_INCREMENT=6 DEFAULT CHARSET=utf8mb4;

--
-- Dumping data for table `department`
--

INSERT INTO `department` (`id`, `name`, `hod_id`) VALUES
(1, 'CIVIL ENGINEERING', 1),
(2, 'COMPUTER SCIENCE AND ENGINEERING', 2),
(3, 'ELECTRONICS AND COMMUNICATION ENGINEERING', 3),
(4, 'ELECTRICAL AND ELECTRONICS ENGINEERING', 4),
(5, 'MECHANICAL ENGINEERING', 5);

-- --------------------------------------------------------

--
-- Table structure for table `leave_application`
--

DROP TABLE IF EXISTS `leave_application`;
CREATE TABLE IF NOT EXISTS `leave_application` (
  `id` int(11) NOT NULL AUTO_INCREMENT,
  `student_id` int(11) NOT NULL,
  `leave_type` varchar(25) COLLATE utf8_unicode_ci NOT NULL,
  `days` int(11) NOT NULL,
  `from_date` date NOT NULL,
  `from_session` varchar(5) COLLATE utf8_unicode_ci NOT NULL,
  `to_date` date NOT NULL,
  `to_session` varchar(5) COLLATE utf8_unicode_ci DEFAULT NULL,
  `reason` varchar(255) COLLATE utf8_unicode_ci NOT NULL,
  `status` int(11) DEFAULT '0',
  `applied_on` date NOT NULL,
  PRIMARY KEY (`id`),
  KEY `student_id` (`student_id`)
) ENGINE=MyISAM AUTO_INCREMENT=6 DEFAULT CHARSET=utf8 COLLATE=utf8_unicode_ci;

--
-- Dumping data for table `leave_application`
--

INSERT INTO `leave_application` (`id`, `student_id`, `leave_type`, `days`, `from_date`, `from_session`, `to_date`, `to_session`, `reason`, `status`, `applied_on`) VALUES
(3, 1, 'od', 0, '2021-05-20', 'full', '2000-01-01', NULL, 'ABcd', -1, '2021-05-19'),
(4, 1, 'od', 1, '2021-05-19', 'full', '2021-05-21', 'half', 'abcdeeeee', 1, '2021-05-19'),
(5, 1, 'od', 1, '2021-05-21', 'full', '2021-05-25', 'full', 'not good', 0, '2021-05-19');

-- --------------------------------------------------------

--
-- Table structure for table `student`
--

DROP TABLE IF EXISTS `student`;
CREATE TABLE IF NOT EXISTS `student` (
  `id` int(11) NOT NULL AUTO_INCREMENT,
  `register_number` varchar(25) NOT NULL,
  `class_id` int(11) NOT NULL,
  `name` varchar(100) NOT NULL,
  `email` varchar(100) NOT NULL,
  `dob` date NOT NULL,
  `gender` int(11) DEFAULT NULL,
  PRIMARY KEY (`id`),
  KEY `class_id` (`class_id`)
) ENGINE=InnoDB AUTO_INCREMENT=79 DEFAULT CHARSET=utf8mb4;

--
-- Dumping data for table `student`
--

INSERT INTO `student` (`id`, `register_number`, `class_id`, `name`, `email`, `dob`, `gender`) VALUES
(1, '715518104001', 1, 'ADITHYA B', '18cs101@psgitech.ac.in', '2000-11-05', 1),
(2, '715518104002', 1, 'AISHWARYA SURESH', '18cs102@psgitech.ac.in', '2000-11-06', 0),
(3, '715518104003', 1, 'AKALYA R S', '18cs103@psgitech.ac.in', '2000-11-07', 0),
(4, '715518104004', 1, 'ANJHANAA A K', '18cs104@psgitech.ac.in', '2000-11-05', 0),
(5, '715518104005', 1, 'ARUNKUMAR M', '18cs105@psgitech.ac.in', '2000-11-09', 1),
(6, '715518104006', 1, 'ASHWIN BALAJI S', '18cs106@psgitech.ac.in', '2000-11-10', 1),
(7, '715518104007', 1, 'BALA KEERTHANA K B', '18cs107@psgitech.ac.in', '2000-09-16', 0),
(8, '715518104008', 1, 'BHARATH KUMAAR K S', '18cs108@psgitech.ac.in', '2000-11-12', 1),
(9, '715518104009', 1, 'BRINDHA G S', '18cs109@psgitech.ac.in', '2000-11-13', 0),
(10, '715518104010', 1, 'DANAJITHA K K', '18cs110@psgitech.ac.in', '2000-11-14', 0),
(11, '715518104011', 1, 'DANIEL DEVASAHAYAM A', '18cs111@psgitech.ac.in', '2000-11-15', 1),
(12, '715518104012', 1, 'DEEPAKRAJ R K', '18cs112@psgitech.ac.in', '2000-11-16', 1),
(13, '715518104013', 1, 'DHEEKACHANADEVI S', '18cs113@psgitech.ac.in', '2000-11-17', 0),
(14, '715518104014', 1, 'DHRUV AGGARWAL', '18cs114@psgitech.ac.in', '2000-11-18', 1),
(15, '715518104015', 1, 'GOWTHAMI S', '18cs115@psgitech.ac.in', '2000-11-19', 0),
(16, '715518104016', 1, 'HARIHARAN S', '18cs116@psgitech.ac.in', '2000-11-20', 1),
(17, '715518104017', 1, 'HARIKRISHNA M', '18cs117@psgitech.ac.in', '2000-11-21', 1),
(18, '715518104019', 1, 'HARIPRABHA S', '18cs119@psgitech.ac.in', '2000-11-22', 0),
(19, '715518104020', 1, 'HARSHITHAA R', '18cs120@psgitech.ac.in', '2000-11-23', 0),
(20, '715518104021', 1, 'HEMANANDHINI K', '18cs121@psgitech.ac.in', '2000-11-24', 0),
(21, '715518104022', 1, 'INDERJITH K', '18cs122@psgitech.ac.in', '2000-11-25', 1),
(22, '715518104023', 1, 'JANANIE M', '18cs123@psgitech.ac.in', '2000-11-26', 0),
(23, '715518104024', 1, 'KAMERISH A', '18cs124@psgitech.ac.in', '2000-11-27', 1),
(24, '715518104025', 1, 'KARAN M', '18cs125@psgitech.ac.in', '2000-11-28', 1),
(25, '715518104026', 1, 'KEERTHANA B', '18cs126@psgitech.ac.in', '2000-11-29', 0),
(26, '715518104027', 1, 'KEERTHANA E', '18cs127@psgitech.ac.in', '2000-11-30', 0),
(27, '715518104028', 1, 'KOWSHIK S M', '18cs128@psgitech.ac.in', '2000-12-01', 1),
(28, '715518104029', 1, 'MADHAVAN B', '18cs129@psgitech.ac.in', '2000-12-02', 1),
(29, '715518104030', 1, 'MANUJ NANTHAN S', '18cs130@psgitech.ac.in', '2000-12-03', 1),
(30, '715518104032', 1, 'POOJASREE S', '18cs132@psgitech.ac.in', '2000-12-04', 0),
(31, '715518104033', 1, 'POWMITHA P', '18cs133@psgitech.ac.in', '2000-12-05', 0),
(32, '715518104034', 1, 'PRANEASH G P', '18cs134@psgitech.ac.in', '2000-12-06', 1),
(33, '715518104035', 1, 'PRASANNA RAHAVENDRA A', '18cs135@psgitech.ac.in', '2000-11-05', 1),
(34, '715518104036', 1, 'PRATHAP M', '18cs136@psgitech.ac.in', '2000-12-08', 1),
(35, '715518104037', 1, 'PRAVEEN KUMAR S', '18cs137@psgitech.ac.in', '2000-12-09', 1),
(36, '715518104038', 1, 'PRUTHVI M', '18cs138@psgitech.ac.in', '2000-12-10', 0),
(37, '715518104039', 1, 'RAJESH V', '18cs139@psgitech.ac.in', '2000-12-11', 1),
(38, '715518104040', 1, 'RAMYA A', '18cs140@psgitech.ac.in', '2000-12-12', 0),
(39, '715518104041', 1, 'RASHMIKA T', '18cs141@psgitech.ac.in', '2000-12-13', 0),
(40, '715518104042', 1, 'SANDEEP V', '18cs142@psgitech.ac.in', '2000-12-14', 1),
(41, '715518104043', 1, 'SANTHOSH KUMAR M', '18cs143@psgitech.ac.in', '2000-12-15', 1),
(42, '715518104044', 1, 'SARAVANA VEL S', '18cs144@psgitech.ac.in', '2000-12-16', 1),
(43, '715518104045', 1, 'SETHU RAMALINGAM U S', '18cs145@psgitech.ac.in', '2000-12-17', 1),
(44, '715518104046', 1, 'SHAIK MOHAMMAD TAUSIF', '18cs146@psgitech.ac.in', '2000-12-18', 1),
(45, '715518104047', 1, 'SHANTHINI M', '18cs147@psgitech.ac.in', '2000-12-19', 0),
(46, '715518104048', 1, 'SHEEBA A', '18cs148@psgitech.ac.in', '2000-12-20', 0),
(47, '715518104049', 1, 'SHUBHIKSHAA S M', '18cs149@psgitech.ac.in', '2000-12-21', 0),
(48, '715518104050', 1, 'SIVADHARSHINI K', '18cs150@psgitech.ac.in', '2000-12-22', 0),
(49, '715518104051', 1, 'SOPHIYA P', '18cs151@psgitech.ac.in', '2000-12-23', 0),
(50, '715518104052', 1, 'SOWMIYA S', '18cs152@psgitech.ac.in', '2000-12-24', 0),
(51, '715518104053', 1, 'SREENITHI N', '18cs153@psgitech.ac.in', '2000-12-25', 0),
(52, '715518104054', 1, 'SRIDHAR K', '18cs154@psgitech.ac.in', '2000-12-26', 1),
(53, '715518104055', 1, 'SUDHARSAN S', '18cs155@psgitech.ac.in', '2000-12-27', 1),
(54, '715518104056', 1, 'SWATHI J V', '18cs156@psgitech.ac.in', '2000-12-28', 0),
(55, '715518104057', 1, 'SWEDHA S U', '18cs157@psgitech.ac.in', '2000-12-29', 0),
(56, '715518104058', 1, 'VAISHALI S', '18cs158@psgitech.ac.in', '2000-12-30', 0),
(57, '715518104059', 1, 'VASUDEVAN V', '18cs159@psgitech.ac.in', '2000-12-31', 1),
(58, '715518104060', 1, 'VISHNU CHARAN V', '18cs160@psgitech.ac.in', '2001-01-01', 1),
(59, '715518104061', 1, 'VISHNU VARDHAN R', '18cs161@psgitech.ac.in', '2001-01-02', 1),
(60, '715518104301', 1, 'ABIRAJ E', '18cs301@psgitech.ac.in', '2001-01-03', 1),
(61, '715518104302', 1, 'AGILESH K', '18cs302@psgitech.ac.in', '2001-01-04', 1),
(62, '715518104304', 1, 'ARAVIND RAJ A', '18cs304@psgitech.ac.in', '2001-01-05', 1),
(63, '715518104305', 1, 'ARUN R', '18cs305@psgitech.ac.in', '2001-01-06', 1),
(64, '715518104306', 1, 'DHARANI DHARAN K R', '18cs306@psgitech.ac.in', '2001-01-07', 1),
(65, '715518104307', 1, 'DHIVYADHANUSH V', '18cs307@psgitech.ac.in', '2001-01-08', 1),
(66, '715518104308', 1, 'KUMARESAN R', '18cs308@psgitech.ac.in', '2001-01-09', 1),
(67, '715520104001', 2, 'MALA S', '20cs101@psgitech.ac.in', '2002-07-06', 0),
(68, '715520104002', 2, 'PRIYA M ', '20cs102@psgitech.ac.in', '2002-07-07', 0),
(69, '715520104003', 2, 'KARTHIK R', '20cs103@psgitech.ac.in', '2002-07-08', 1),
(70, '715520104004', 2, 'JOHN T', '20cs104@psgitech.ac.in', '2002-07-09', 1),
(71, '715519104001', 3, 'KEERTHI E', '19cs101@psgitech.ac.in', '2001-07-10', 0),
(72, '715519104002', 3, 'AKSHAYA K', '19cs102@psgitech.ac.in', '2001-07-11', 0),
(73, '715519104003', 3, 'PRASHANTH N', '19cs103@psgitech.ac.in', '2001-07-12', 1),
(74, '715519104004', 3, 'YUVRAJ R', '19cs104@psgitech.ac.in', '2001-07-13', 1),
(75, '715517104001', 4, 'VAISHNAVI D', '17cs101@psgitech.ac.in', '1999-07-14', 0),
(76, '715517104002', 4, 'HARINI S', '17cs102@psgitech.ac.in', '1999-07-15', 0),
(77, '715517104003', 4, 'SRIRAM K', '17cs103@psgitech.ac.in', '1999-07-16', 1),
(78, '715517104004', 4, 'RAGHU S', '17cs104@psgitech.ac.in', '1999-07-17', 1);

-- --------------------------------------------------------

--
-- Table structure for table `subject`
--

DROP TABLE IF EXISTS `subject`;
CREATE TABLE IF NOT EXISTS `subject` (
  `id` int(11) NOT NULL AUTO_INCREMENT,
  `subject_code` varchar(10) NOT NULL,
  `name` varchar(100) NOT NULL,
  `staff_id` int(11) NOT NULL,
  `class_id` int(11) NOT NULL,
  PRIMARY KEY (`id`),
  KEY `staff_id` (`staff_id`),
  KEY `class_id` (`class_id`)
) ENGINE=InnoDB AUTO_INCREMENT=25 DEFAULT CHARSET=utf8mb4;

--
-- Dumping data for table `subject`
--

INSERT INTO `subject` (`id`, `subject_code`, `name`, `staff_id`, `class_id`) VALUES
(1, 'CS8075', 'Data Warehousing and Data Mining', 9, 1),
(2, 'CS8391', 'Data Structure', 2, 1),
(3, 'CS8072', 'Agile Methodologies', 10, 1),
(4, 'CS8691', 'AI', 8, 1),
(5, 'CS8392', 'EG', 0, 1),
(6, 'CS8393', 'GT', 8, 1),
(7, 'PH8151', 'Engineering Physics', 4, 2),
(8, 'CY8151', 'Engineering Chemistry', 1, 2),
(9, 'MA8151', 'Engineering Maths', 9, 2),
(10, 'GE8151', 'Python Programming ', 12, 2),
(11, 'CS8251', 'C Programming ', 10, 2),
(12, 'GE8291', 'Environmental Science ', 3, 2),
(13, 'CS8492', 'Database Management System ', 12, 3),
(14, 'CS8493', 'Operating System ', 13, 3),
(15, 'CS8451', 'Design and Analysis of Algorithm ', 2, 3),
(16, 'CS8351', 'Digital Principal and System Design ', 10, 3),
(17, 'MA8401', 'Probability and Queueing Theory ', 5, 3),
(18, 'CS8494', 'Software Engineering ', 11, 3),
(19, 'CS8601', 'Mobile Computing ', 13, 4),
(20, 'CS8501', 'Theory of Computation ', 2, 4),
(21, 'CS8452', 'Intellectual Property Rights ', 7, 4),
(22, 'CS8603', 'Distributed System', 9, 4),
(23, 'CS8602', 'Compiler Design ', 11, 4),
(24, 'CS8651', 'Internet Programming ', 12, 4);

-- --------------------------------------------------------

--
-- Table structure for table `time_table`
--

DROP TABLE IF EXISTS `time_table`;
CREATE TABLE IF NOT EXISTS `time_table` (
  `id` int(11) NOT NULL AUTO_INCREMENT,
  `subject_id` int(11) NOT NULL,
  `day` int(11) NOT NULL,
  `hour` int(11) NOT NULL,
  `time` time NOT NULL,
  `subject_abbr` varchar(10) DEFAULT NULL,
  PRIMARY KEY (`id`),
  KEY `subject_id` (`subject_id`)
) ENGINE=InnoDB AUTO_INCREMENT=145 DEFAULT CHARSET=utf8mb4;

--
-- Dumping data for table `time_table`
--

INSERT INTO `time_table` (`id`, `subject_id`, `day`, `hour`, `time`, `subject_abbr`) VALUES
(1, 1, 1, 1, '09:00:00', 'dwdm'),
(2, 2, 1, 2, '10:00:00', 'ds'),
(3, 3, 1, 3, '11:00:00', 'agile'),
(4, 4, 1, 4, '13:00:00', 'ai'),
(5, 5, 1, 5, '14:00:00', 'eg'),
(6, 6, 1, 6, '15:00:00', 'gt'),
(7, 2, 2, 1, '09:00:00', 'ds'),
(8, 3, 2, 2, '10:00:00', 'agile'),
(9, 5, 2, 3, '11:00:00', 'eg'),
(10, 6, 2, 4, '13:00:00', 'gt'),
(11, 4, 2, 5, '14:00:00', 'ai'),
(12, 1, 2, 6, '15:00:00', 'dwdm'),
(13, 2, 3, 1, '09:00:00', 'ds'),
(14, 1, 3, 2, '10:00:00', 'dwdm'),
(15, 4, 3, 3, '11:00:00', 'ai'),
(16, 5, 3, 4, '13:00:00', 'eg'),
(17, 1, 3, 5, '14:00:00', 'dwdm'),
(18, 6, 3, 6, '15:00:00', 'gt'),
(19, 4, 4, 1, '09:00:00', 'ai'),
(20, 6, 4, 2, '10:00:00', 'gt'),
(21, 1, 4, 3, '11:00:00', 'dwdm'),
(22, 3, 4, 4, '13:00:00', 'agile'),
(23, 2, 4, 5, '14:00:00', 'ds'),
(24, 5, 4, 6, '15:00:00', 'eg'),
(25, 3, 5, 1, '09:00:00', 'agile'),
(26, 2, 5, 2, '10:00:00', 'ds'),
(27, 5, 5, 3, '11:00:00', 'eg'),
(28, 4, 5, 4, '13:00:00', 'ai'),
(29, 1, 5, 5, '14:00:00', 'dwdm'),
(30, 6, 5, 6, '15:00:00', 'gt'),
(31, 6, 6, 1, '09:00:00', 'gt'),
(32, 5, 6, 2, '10:00:00', 'eg'),
(33, 1, 6, 3, '11:00:00', 'dwdm'),
(34, 2, 6, 4, '13:00:00', 'ds'),
(35, 4, 6, 5, '14:00:00', 'ai'),
(36, 3, 6, 6, '15:00:00', 'agile'),
(37, 7, 1, 1, '09:00:00', 'phy'),
(38, 8, 1, 2, '10:00:00', 'chem'),
(39, 9, 1, 3, '11:00:00', 'math'),
(40, 10, 1, 4, '13:00:00', 'pp'),
(41, 11, 1, 5, '14:00:00', 'cp'),
(42, 12, 1, 6, '15:00:00', 'evs'),
(43, 10, 2, 1, '09:00:00', 'pp'),
(44, 7, 2, 2, '10:00:00', 'phy'),
(45, 8, 2, 3, '11:00:00', 'chem'),
(46, 12, 2, 4, '13:00:00', 'evs'),
(47, 9, 2, 5, '14:00:00', 'math'),
(48, 11, 2, 6, '15:00:00', 'cp'),
(49, 8, 3, 1, '09:00:00', 'chem '),
(50, 12, 3, 2, '10:00:00', 'evs'),
(51, 11, 3, 3, '11:00:00', 'cp'),
(52, 10, 3, 4, '13:00:00', 'pp'),
(53, 7, 3, 5, '14:00:00', 'phy '),
(54, 9, 3, 6, '15:00:00', 'math'),
(55, 11, 4, 1, '09:00:00', 'cp'),
(56, 9, 4, 2, '10:00:00', 'math '),
(57, 7, 4, 3, '11:00:00', 'phy '),
(58, 10, 4, 4, '13:00:00', 'pp'),
(59, 12, 4, 5, '14:00:00', 'evs'),
(60, 8, 4, 6, '15:00:00', 'chem '),
(61, 12, 5, 1, '09:00:00', 'evs '),
(62, 10, 5, 2, '10:00:00', 'pp'),
(63, 11, 5, 3, '11:00:00', 'cp'),
(64, 7, 5, 4, '13:00:00', 'phy '),
(65, 8, 5, 5, '14:00:00', 'chem '),
(66, 9, 5, 6, '15:00:00', 'math'),
(67, 9, 6, 1, '09:00:00', 'math '),
(68, 10, 6, 2, '10:00:00', 'pp'),
(69, 7, 6, 3, '11:00:00', 'phy '),
(70, 8, 6, 4, '13:00:00', 'chem '),
(71, 11, 6, 5, '14:00:00', 'cp'),
(72, 12, 6, 6, '15:00:00', 'evs '),
(73, 13, 1, 1, '09:00:00', 'dbms '),
(74, 14, 1, 2, '10:00:00', 'os'),
(75, 15, 1, 3, '11:00:00', 'daa'),
(76, 16, 1, 4, '13:00:00', 'dpsd'),
(77, 17, 1, 5, '14:00:00', 'pqt'),
(78, 18, 1, 6, '15:00:00', 'se'),
(79, 18, 2, 1, '09:00:00', 'se'),
(80, 17, 2, 2, '10:00:00', 'pqt'),
(81, 16, 2, 3, '11:00:00', 'dpsd'),
(82, 15, 2, 4, '13:00:00', 'daa'),
(83, 14, 2, 5, '14:00:00', 'os'),
(84, 13, 2, 6, '15:00:00', 'dbms '),
(85, 14, 3, 1, '09:00:00', 'os'),
(86, 15, 3, 2, '10:00:00', 'daa'),
(87, 13, 3, 3, '11:00:00', 'dbms '),
(88, 16, 3, 4, '13:00:00', 'dpsd'),
(89, 18, 3, 5, '14:00:00', 'se'),
(90, 17, 3, 6, '15:00:00', 'pqt'),
(91, 15, 4, 1, '09:00:00', 'daa'),
(92, 13, 4, 2, '10:00:00', 'dbms '),
(93, 17, 4, 3, '11:00:00', 'pqt'),
(94, 18, 4, 4, '13:00:00', 'se'),
(95, 16, 4, 5, '14:00:00', 'dpsd'),
(96, 14, 4, 6, '15:00:00', 'os'),
(97, 18, 5, 1, '09:00:00', 'se'),
(98, 16, 5, 2, '10:00:00', 'dpsd'),
(99, 17, 5, 3, '11:00:00', 'pqt'),
(100, 15, 5, 4, '13:00:00', 'daa'),
(101, 14, 5, 5, '14:00:00', 'os'),
(102, 13, 5, 6, '15:00:00', 'dbms '),
(103, 13, 6, 1, '09:00:00', 'dbms '),
(104, 14, 6, 2, '10:00:00', 'os'),
(105, 16, 6, 3, '11:00:00', 'dpsd'),
(106, 18, 6, 4, '13:00:00', 'se'),
(107, 17, 6, 5, '14:00:00', 'pqt'),
(108, 15, 6, 6, '15:00:00', 'daa'),
(109, 19, 1, 1, '09:00:00', 'mc'),
(110, 20, 1, 2, '10:00:00', 'toc'),
(111, 21, 1, 3, '11:00:00', 'ipr'),
(112, 22, 1, 4, '13:00:00', 'ds'),
(113, 23, 1, 5, '14:00:00', 'cd'),
(114, 24, 1, 6, '15:00:00', 'ip'),
(115, 21, 2, 1, '09:00:00', 'ipr'),
(116, 23, 2, 2, '10:00:00', 'cd'),
(117, 24, 2, 3, '11:00:00', 'ip'),
(118, 20, 2, 4, '13:00:00', 'toc'),
(119, 19, 2, 5, '14:00:00', 'mc'),
(120, 22, 2, 6, '15:00:00', 'ds'),
(121, 22, 3, 1, '09:00:00', 'ds'),
(122, 19, 3, 2, '10:00:00', 'mc'),
(123, 20, 3, 3, '11:00:00', 'toc'),
(124, 21, 3, 4, '13:00:00', 'ipr'),
(125, 23, 3, 5, '14:00:00', 'cd'),
(126, 24, 3, 6, '15:00:00', 'ip'),
(127, 24, 4, 1, '09:00:00', 'ip'),
(128, 22, 4, 2, '10:00:00', 'ds'),
(129, 19, 4, 3, '11:00:00', 'mc'),
(130, 20, 4, 4, '13:00:00', 'toc'),
(131, 21, 4, 5, '14:00:00', 'ipr'),
(132, 23, 4, 6, '15:00:00', 'cd'),
(133, 20, 5, 1, '09:00:00', 'toc'),
(134, 19, 5, 2, '10:00:00', 'mc'),
(135, 23, 5, 3, '11:00:00', 'cd'),
(136, 21, 5, 4, '13:00:00', 'ipr'),
(137, 22, 5, 5, '14:00:00', 'ds'),
(138, 24, 5, 6, '15:00:00', 'ip'),
(139, 23, 6, 1, '09:00:00', 'cd'),
(140, 21, 6, 2, '10:00:00', 'ipr'),
(141, 20, 6, 3, '11:00:00', 'toc'),
(142, 22, 6, 4, '13:00:00', 'ds'),
(143, 24, 6, 5, '14:00:00', 'ip'),
(144, 19, 6, 6, '15:00:00', 'mc');

-- --------------------------------------------------------

--
-- Table structure for table `users`
--

DROP TABLE IF EXISTS `users`;
CREATE TABLE IF NOT EXISTS `users` (
  `id` int(11) NOT NULL AUTO_INCREMENT,
  `name` varchar(100) NOT NULL,
  `role` int(11) NOT NULL,
  `dept_id` int(11) NOT NULL,
  `email` varchar(100) NOT NULL,
  `password` varchar(255) NOT NULL,
  PRIMARY KEY (`id`),
  KEY `dept_id` (`dept_id`)
) ENGINE=InnoDB AUTO_INCREMENT=14 DEFAULT CHARSET=utf8mb4;

--
-- Dumping data for table `users`
--

INSERT INTO `users` (`id`, `name`, `role`, `dept_id`, `email`, `password`) VALUES
(0, 'PV Chandramohan', 3, 5, 'principal@psgitech.ac.in', 'admin123'),
(1, 'MI Abdul Aleem', 2, 1, 'aleem@psgitech.ac.in', 'civil123'),
(2, 'R Manimegalai', 2, 2, 'drrm@psgitech.ac.in', 'cse123'),
(3, 'P Subbaraj', 2, 3, 'psr@psgitech.ac.in', 'ece123'),
(4, 'CL Vasu', 2, 4, 'clv@psgitech.ac.in', 'eee123'),
(5, 'N Saravanakumar', 2, 5, 'nsk@psgitech.ac.in', 'mech123'),
(7, 'D Elangovan', 0, 5, 'delangovan@psgitech.ac.in', 'elangovan123'),
(8, 'A Prasanna Rahavendra', 1, 2, '18cs135@psgitech.ac.in', 'apr123'),
(9, 'Ilango', 0, 2, 'ilango@psgitech.ac.in', 'ilango123'),
(10, 'Vidya', 0, 2, 'vidya@psgitech.ac.in', 'vidya123'),
(11, 'I Kala', 1, 2, 'kala@psgitech.ac.in', 'kala123'),
(12, 'N Aravindhraj', 1, 2, 'aravindhraj@psgitech.ac.in', 'aravindh123'),
(13, 'P PriyaPonnusamy', 1, 2, 'priya@psgitech.ac.in', 'priya123');

--
-- Constraints for dumped tables
--

--
-- Constraints for table `attendance_master`
--
ALTER TABLE `attendance_master`
  ADD CONSTRAINT `attendance_master_ibfk_1` FOREIGN KEY (`student_id`) REFERENCES `student` (`id`),
  ADD CONSTRAINT `attendance_master_ibfk_2` FOREIGN KEY (`time_table_id`) REFERENCES `time_table` (`id`),
  ADD CONSTRAINT `attendance_master_ibfk_3` FOREIGN KEY (`subject_id`) REFERENCES `subject` (`id`);

--
-- Constraints for table `class`
--
ALTER TABLE `class`
  ADD CONSTRAINT `class_ibfk_1` FOREIGN KEY (`tutor_id`) REFERENCES `users` (`id`),
  ADD CONSTRAINT `class_ibfk_2` FOREIGN KEY (`dept_id`) REFERENCES `department` (`id`);

--
-- Constraints for table `department`
--
ALTER TABLE `department`
  ADD CONSTRAINT `department_ibfk_1` FOREIGN KEY (`hod_id`) REFERENCES `users` (`id`);

--
-- Constraints for table `student`
--
ALTER TABLE `student`
  ADD CONSTRAINT `student_ibfk_1` FOREIGN KEY (`class_id`) REFERENCES `class` (`id`);

--
-- Constraints for table `subject`
--
ALTER TABLE `subject`
  ADD CONSTRAINT `subject_ibfk_1` FOREIGN KEY (`staff_id`) REFERENCES `users` (`id`),
  ADD CONSTRAINT `subject_ibfk_2` FOREIGN KEY (`class_id`) REFERENCES `class` (`id`);

--
-- Constraints for table `time_table`
--
ALTER TABLE `time_table`
  ADD CONSTRAINT `time_table_ibfk_1` FOREIGN KEY (`subject_id`) REFERENCES `subject` (`id`);

--
-- Constraints for table `users`
--
ALTER TABLE `users`
  ADD CONSTRAINT `users_ibfk_1` FOREIGN KEY (`dept_id`) REFERENCES `department` (`id`);
COMMIT;

/*!40101 SET CHARACTER_SET_CLIENT=@OLD_CHARACTER_SET_CLIENT */;
/*!40101 SET CHARACTER_SET_RESULTS=@OLD_CHARACTER_SET_RESULTS */;
/*!40101 SET COLLATION_CONNECTION=@OLD_COLLATION_CONNECTION */;
